name,url
Products,https://www.shl.com/products/
Products,https://www.shl.com/products/
Occupational Personality Questionnaire (OPQ),https://www.shl.com/products/assessments/personality-assessment/shl-occupational-personality-questionnaire-opq/
Job-Focused Assessments (JFA),https://www.shl.com/products/assessments/job-focused-assessments/
Motivational Questionnaire (MQ),https://www.shl.com/products/assessments/personality-assessment/shl-motivation-questionnaire-mq/
Situational Judgment Tests (SJT),https://www.shl.com/products/assessments/behavioral-assessments/situation-judgement-tests-sjt/
SHL Verify,https://www.shl.com/products/assessments/cognitive-assessments/
SHL 360,https://www.shl.com/products/360/
Assessments,https://www.shl.com/products/assessments/
Behavioral Assessments,https://www.shl.com/products/assessments/behavioral-assessments/
Cognitive Assessments,https://www.shl.com/products/assessments/cognitive-assessments/
Personality Assessments,https://www.shl.com/products/assessments/personality-assessment/
Video Interviews,https://www.shl.com/products/video-interviews/
Skills & Simulations,https://www.shl.com/products/assessments/skills-and-simulations/
Call Center Simulations,https://www.shl.com/products/assessments/skills-and-simulations/call-center-simulations/
Business Skills,https://www.shl.com/products/assessments/skills-and-simulations/business-skills/
Coding Simulations,https://www.shl.com/products/assessments/skills-and-simulations/coding-simulations/
Technical Skills,https://www.shl.com/products/assessments/skills-and-simulations/technical-skills/
Language Evaluation,https://www.shl.com/products/assessments/skills-and-simulations/language-evaluation/
View all SHL ProductsGet the ultimate view of potential with SHL’s unmatched portfolio of assessments and interview technology.,https://www.shl.com/products/
Outsourced Assessments (VADC),https://www.shl.com/products/assessments/assessment-and-development-centers/
View Product Catalog,https://www.shl.com/products/product-catalog/
Products,https://www.shl.com/products/
Account Manager Solution,https://www.shl.com/products/product-catalog/view/account-manager-solution/
Administrative Professional - Short Form,https://www.shl.com/products/product-catalog/view/administrative-professional-short-form/
Agency Manager Solution,https://www.shl.com/products/product-catalog/view/agency-manager-solution/
Apprentice + 8.0 Job Focused Assessment,https://www.shl.com/products/product-catalog/view/apprentice-8-0-job-focused-assessment-4261/
Apprentice 8.0 Job Focused Assessment,https://www.shl.com/products/product-catalog/view/apprentice-8-0-job-focused-assessment/
Bank Administrative Assistant - Short Form,https://www.shl.com/products/product-catalog/view/bank-administrative-assistant-short-form/
Bank Collections Agent - Short Form,https://www.shl.com/products/product-catalog/view/bank-collections-agent-short-form/
Bank Operations Supervisor - Short Form,https://www.shl.com/products/product-catalog/view/bank-operations-supervisor-short-form/
Bilingual Spanish Reservation Agent Solution,https://www.shl.com/products/product-catalog/view/bilingual-spanish-reservation-agent-solution/
"Bookkeeping, Accounting, Auditing Clerk Short Form",https://www.shl.com/products/product-catalog/view/bookkeeping-accounting-auditing-clerk-short-form/
Branch Manager - Short Form,https://www.shl.com/products/product-catalog/view/branch-manager-short-form/
Cashier Solution,https://www.shl.com/products/product-catalog/view/cashier-solution/
2,https://www.shl.com/products/product-catalog/?start=12&type=1&type=2
3,https://www.shl.com/products/product-catalog/?start=24&type=1&type=2
12,https://www.shl.com/products/product-catalog/?start=132&type=1&type=2
Next,https://www.shl.com/products/product-catalog/?start=12&type=1&type=2
Global Skills Development Report,https://www.shl.com/products/product-catalog/view/global-skills-development-report/
.NET Framework 4.5,https://www.shl.com/products/product-catalog/view/net-framework-4-5/
.NET MVC (New),https://www.shl.com/products/product-catalog/view/net-mvc-new/
.NET MVVM (New),https://www.shl.com/products/product-catalog/view/net-mvvm-new/
.NET WCF (New),https://www.shl.com/products/product-catalog/view/net-wcf-new/
.NET WPF (New),https://www.shl.com/products/product-catalog/view/net-wpf-new/
.NET XAML (New),https://www.shl.com/products/product-catalog/view/net-xaml-new/
Accounts Payable (New),https://www.shl.com/products/product-catalog/view/accounts-payable-new/
Accounts Payable Simulation (New),https://www.shl.com/products/product-catalog/view/accounts-payable-simulation-new/
Accounts Receivable (New),https://www.shl.com/products/product-catalog/view/accounts-receivable-new/
Accounts Receivable Simulation (New),https://www.shl.com/products/product-catalog/view/accounts-receivable-simulation-new/
ADO.NET (New),https://www.shl.com/products/product-catalog/view/ado-net-new/
2,https://www.shl.com/products/product-catalog/?start=12&type=1&type=1
3,https://www.shl.com/products/product-catalog/?start=24&type=1&type=1
32,https://www.shl.com/products/product-catalog/?start=372&type=1&type=1
Next,https://www.shl.com/products/product-catalog/?start=12&type=1&type=1
Products,https://www.shl.com/products/
Product Catalog,https://www.shl.com/products/product-catalog/
Products,https://www.shl.com/products/
Products,https://www.shl.com/products/
Occupational Personality Questionnaire (OPQ),https://www.shl.com/products/assessments/personality-assessment/shl-occupational-personality-questionnaire-opq/
Job-Focused Assessments (JFA),https://www.shl.com/products/assessments/job-focused-assessments/
Motivational Questionnaire (MQ),https://www.shl.com/products/assessments/personality-assessment/shl-motivation-questionnaire-mq/
Situational Judgment Tests (SJT),https://www.shl.com/products/assessments/behavioral-assessments/situation-judgement-tests-sjt/
SHL Verify,https://www.shl.com/products/assessments/cognitive-assessments/
SHL 360,https://www.shl.com/products/360/
Assessments,https://www.shl.com/products/assessments/
Behavioral Assessments,https://www.shl.com/products/assessments/behavioral-assessments/
Cognitive Assessments,https://www.shl.com/products/assessments/cognitive-assessments/
Personality Assessments,https://www.shl.com/products/assessments/personality-assessment/
Video Interviews,https://www.shl.com/products/video-interviews/
Skills & Simulations,https://www.shl.com/products/assessments/skills-and-simulations/
Call Center Simulations,https://www.shl.com/products/assessments/skills-and-simulations/call-center-simulations/
Business Skills,https://www.shl.com/products/assessments/skills-and-simulations/business-skills/
Coding Simulations,https://www.shl.com/products/assessments/skills-and-simulations/coding-simulations/
Technical Skills,https://www.shl.com/products/assessments/skills-and-simulations/technical-skills/
Language Evaluation,https://www.shl.com/products/assessments/skills-and-simulations/language-evaluation/
View all SHL ProductsGet the ultimate view of potential with SHL’s unmatched portfolio of assessments and interview technology.,https://www.shl.com/products/
Outsourced Assessments (VADC),https://www.shl.com/products/assessments/assessment-and-development-centers/
View Product Catalog,https://www.shl.com/products/product-catalog/
Products,https://www.shl.com/products/
Agile Software Development,https://www.shl.com/products/product-catalog/view/agile-software-development/
Agile Testing (New),https://www.shl.com/products/product-catalog/view/agile-testing-new/
AI Skills,https://www.shl.com/products/product-catalog/view/ai-skills/
Amazon Web Services (AWS) Development (New),https://www.shl.com/products/product-catalog/view/amazon-web-services-aws-development-new/
Android Development (New),https://www.shl.com/products/product-catalog/view/android-development-new/
Angular 6 (New),https://www.shl.com/products/product-catalog/view/angular-6-new/
AngularJS (New),https://www.shl.com/products/product-catalog/view/angularjs-new/
Apache Hadoop (New),https://www.shl.com/products/product-catalog/view/apache-hadoop-new/
Apache Hadoop Extensions (New),https://www.shl.com/products/product-catalog/view/apache-hadoop-extensions-new/
Apache HBase (New),https://www.shl.com/products/product-catalog/view/apache-hbase-new/
Apache Hive (New),https://www.shl.com/products/product-catalog/view/apache-hive-new/
Apache Kafka (New),https://www.shl.com/products/product-catalog/view/apache-kafka-new/
Previous,https://www.shl.com/products/product-catalog/?start=4&type=1&type=1
1,https://www.shl.com/products/product-catalog/?start=0&type=1&type=1
3,https://www.shl.com/products/product-catalog/?start=24&type=1&type=1
32,https://www.shl.com/products/product-catalog/?start=372&type=1&type=1
Next,https://www.shl.com/products/product-catalog/?start=28&type=1&type=1
Products,https://www.shl.com/products/
Product Catalog,https://www.shl.com/products/product-catalog/
Products,https://www.shl.com/products/
Products,https://www.shl.com/products/
Occupational Personality Questionnaire (OPQ),https://www.shl.com/products/assessments/personality-assessment/shl-occupational-personality-questionnaire-opq/
Job-Focused Assessments (JFA),https://www.shl.com/products/assessments/job-focused-assessments/
Motivational Questionnaire (MQ),https://www.shl.com/products/assessments/personality-assessment/shl-motivation-questionnaire-mq/
Situational Judgment Tests (SJT),https://www.shl.com/products/assessments/behavioral-assessments/situation-judgement-tests-sjt/
SHL Verify,https://www.shl.com/products/assessments/cognitive-assessments/
SHL 360,https://www.shl.com/products/360/
Assessments,https://www.shl.com/products/assessments/
Behavioral Assessments,https://www.shl.com/products/assessments/behavioral-assessments/
Cognitive Assessments,https://www.shl.com/products/assessments/cognitive-assessments/
Personality Assessments,https://www.shl.com/products/assessments/personality-assessment/
Video Interviews,https://www.shl.com/products/video-interviews/
Skills & Simulations,https://www.shl.com/products/assessments/skills-and-simulations/
Call Center Simulations,https://www.shl.com/products/assessments/skills-and-simulations/call-center-simulations/
Business Skills,https://www.shl.com/products/assessments/skills-and-simulations/business-skills/
Coding Simulations,https://www.shl.com/products/assessments/skills-and-simulations/coding-simulations/
Technical Skills,https://www.shl.com/products/assessments/skills-and-simulations/technical-skills/
Language Evaluation,https://www.shl.com/products/assessments/skills-and-simulations/language-evaluation/
View all SHL ProductsGet the ultimate view of potential with SHL’s unmatched portfolio of assessments and interview technology.,https://www.shl.com/products/
Outsourced Assessments (VADC),https://www.shl.com/products/assessments/assessment-and-development-centers/
View Product Catalog,https://www.shl.com/products/product-catalog/
Products,https://www.shl.com/products/
Assessment and Development Center Exercises,https://www.shl.com/products/product-catalog/view/assessment-and-development-center-exercises/
Automata - Fix (New),https://www.shl.com/products/product-catalog/view/automata-fix-new/
Automata - SQL (New),https://www.shl.com/products/product-catalog/view/automata-sql-new/
Automata (New),https://www.shl.com/products/product-catalog/view/automata-new/
Automata Data Science (New),https://www.shl.com/products/product-catalog/view/automata-data-science-new/
Automata Data Science Pro (New),https://www.shl.com/products/product-catalog/view/automata-data-science-pro-new/
Automata Front End,https://www.shl.com/products/product-catalog/view/automata-front-end/
Automata Pro (New),https://www.shl.com/products/product-catalog/view/automata-pro-new/
Automata Selenium,https://www.shl.com/products/product-catalog/view/automata-selenium/
Automation Anywhere RPA Development (New),https://www.shl.com/products/product-catalog/view/automation-anywhere-rpa-development-new/
Automotive Engineering (New),https://www.shl.com/products/product-catalog/view/automotive-engineering-new/
Basic Biology (New),https://www.shl.com/products/product-catalog/view/basic-biology-new/
Previous,https://www.shl.com/products/product-catalog/?start=20&type=1&type=1
1,https://www.shl.com/products/product-catalog/?start=0&type=1&type=1
2,https://www.shl.com/products/product-catalog/?start=12&type=1&type=1
4,https://www.shl.com/products/product-catalog/?start=36&type=1&type=1
32,https://www.shl.com/products/product-catalog/?start=372&type=1&type=1
Next,https://www.shl.com/products/product-catalog/?start=44&type=1&type=1
Products,https://www.shl.com/products/
Product Catalog,https://www.shl.com/products/product-catalog/
Products,https://www.shl.com/products/
Products,https://www.shl.com/products/
Occupational Personality Questionnaire (OPQ),https://www.shl.com/products/assessments/personality-assessment/shl-occupational-personality-questionnaire-opq/
Job-Focused Assessments (JFA),https://www.shl.com/products/assessments/job-focused-assessments/
Motivational Questionnaire (MQ),https://www.shl.com/products/assessments/personality-assessment/shl-motivation-questionnaire-mq/
Situational Judgment Tests (SJT),https://www.shl.com/products/assessments/behavioral-assessments/situation-judgement-tests-sjt/
SHL Verify,https://www.shl.com/products/assessments/cognitive-assessments/
SHL 360,https://www.shl.com/products/360/
Assessments,https://www.shl.com/products/assessments/
Behavioral Assessments,https://www.shl.com/products/assessments/behavioral-assessments/
Cognitive Assessments,https://www.shl.com/products/assessments/cognitive-assessments/
Personality Assessments,https://www.shl.com/products/assessments/personality-assessment/
Video Interviews,https://www.shl.com/products/video-interviews/
Skills & Simulations,https://www.shl.com/products/assessments/skills-and-simulations/
Call Center Simulations,https://www.shl.com/products/assessments/skills-and-simulations/call-center-simulations/
Business Skills,https://www.shl.com/products/assessments/skills-and-simulations/business-skills/
Coding Simulations,https://www.shl.com/products/assessments/skills-and-simulations/coding-simulations/
Technical Skills,https://www.shl.com/products/assessments/skills-and-simulations/technical-skills/
Language Evaluation,https://www.shl.com/products/assessments/skills-and-simulations/language-evaluation/
View all SHL ProductsGet the ultimate view of potential with SHL’s unmatched portfolio of assessments and interview technology.,https://www.shl.com/products/
Outsourced Assessments (VADC),https://www.shl.com/products/assessments/assessment-and-development-centers/
View Product Catalog,https://www.shl.com/products/product-catalog/
Products,https://www.shl.com/products/
BizTalk (New),https://www.shl.com/products/product-catalog/view/biztalk-new/
Business Communication (adaptive),https://www.shl.com/products/product-catalog/view/business-communication-adaptive/
Business Communications,https://www.shl.com/products/product-catalog/view/business-communications/
C Programming (New),https://www.shl.com/products/product-catalog/view/c-programming-new/
C# Programming (New),https://www.shl.com/products/product-catalog/view/c-programming-new-4039/
C++ Programming (New),https://www.shl.com/products/product-catalog/view/c-programming-new-4122/
Cardiology and Diabetes Management (New),https://www.shl.com/products/product-catalog/view/cardiology-and-diabetes-management-new/
Ceramic Engineering (New),https://www.shl.com/products/product-catalog/view/ceramic-engineering-new/
Chemical Engineering (New),https://www.shl.com/products/product-catalog/view/chemical-engineering-new/
Cisco AppDynamics (New),https://www.shl.com/products/product-catalog/view/cisco-appdynamics-new/
Civil Engineering (New),https://www.shl.com/products/product-catalog/view/civil-engineering-new/
Cloud Computing (New),https://www.shl.com/products/product-catalog/view/cloud-computing-new/
Previous,https://www.shl.com/products/product-catalog/?start=36&type=1&type=1
1,https://www.shl.com/products/product-catalog/?start=0&type=1&type=1
4,https://www.shl.com/products/product-catalog/?start=36&type=1&type=1
6,https://www.shl.com/products/product-catalog/?start=60&type=1&type=1
32,https://www.shl.com/products/product-catalog/?start=372&type=1&type=1
Next,https://www.shl.com/products/product-catalog/?start=60&type=1&type=1
Products,https://www.shl.com/products/
Product Catalog,https://www.shl.com/products/product-catalog/
Products,https://www.shl.com/products/
Products,https://www.shl.com/products/
Occupational Personality Questionnaire (OPQ),https://www.shl.com/products/assessments/personality-assessment/shl-occupational-personality-questionnaire-opq/
Job-Focused Assessments (JFA),https://www.shl.com/products/assessments/job-focused-assessments/
Motivational Questionnaire (MQ),https://www.shl.com/products/assessments/personality-assessment/shl-motivation-questionnaire-mq/
Situational Judgment Tests (SJT),https://www.shl.com/products/assessments/behavioral-assessments/situation-judgement-tests-sjt/
SHL Verify,https://www.shl.com/products/assessments/cognitive-assessments/
SHL 360,https://www.shl.com/products/360/
Assessments,https://www.shl.com/products/assessments/
Behavioral Assessments,https://www.shl.com/products/assessments/behavioral-assessments/
Cognitive Assessments,https://www.shl.com/products/assessments/cognitive-assessments/
Personality Assessments,https://www.shl.com/products/assessments/personality-assessment/
Video Interviews,https://www.shl.com/products/video-interviews/
Skills & Simulations,https://www.shl.com/products/assessments/skills-and-simulations/
Call Center Simulations,https://www.shl.com/products/assessments/skills-and-simulations/call-center-simulations/
Business Skills,https://www.shl.com/products/assessments/skills-and-simulations/business-skills/
Coding Simulations,https://www.shl.com/products/assessments/skills-and-simulations/coding-simulations/
Technical Skills,https://www.shl.com/products/assessments/skills-and-simulations/technical-skills/
Language Evaluation,https://www.shl.com/products/assessments/skills-and-simulations/language-evaluation/
View all SHL ProductsGet the ultimate view of potential with SHL’s unmatched portfolio of assessments and interview technology.,https://www.shl.com/products/
Outsourced Assessments (VADC),https://www.shl.com/products/assessments/assessment-and-development-centers/
View Product Catalog,https://www.shl.com/products/product-catalog/
Products,https://www.shl.com/products/
Core Java (Advanced Level) (New),https://www.shl.com/products/product-catalog/view/core-java-advanced-level-new/
Core Java (Entry Level) (New),https://www.shl.com/products/product-catalog/view/core-java-entry-level-new/
Count Out The Money,https://www.shl.com/products/product-catalog/view/count-out-the-money/
CSS3 (New),https://www.shl.com/products/product-catalog/view/css3-new/
Culinary Skills (New),https://www.shl.com/products/product-catalog/view/culinary-skills-new/
Customer Service Phone Simulation,https://www.shl.com/products/product-catalog/view/customer-service-phone-simulation/
Customer Service Phone Solution,https://www.shl.com/products/product-catalog/view/customer-service-phone-solution/
Cyber Risk (New),https://www.shl.com/products/product-catalog/view/cyber-risk-new/
Data Entry (New),https://www.shl.com/products/product-catalog/view/data-entry-new/
Data Entry Alphanumeric Split Screen - US,https://www.shl.com/products/product-catalog/view/data-entry-alphanumeric-split-screen-us/
Data Entry Numeric Split Screen - US,https://www.shl.com/products/product-catalog/view/data-entry-numeric-split-screen-us/
Data Entry Ten Key Split Screen,https://www.shl.com/products/product-catalog/view/data-entry-ten-key-split-screen/
Previous,https://www.shl.com/products/product-catalog/?start=52&type=1&type=1
1,https://www.shl.com/products/product-catalog/?start=0&type=1&type=1
5,https://www.shl.com/products/product-catalog/?start=48&type=1&type=1
7,https://www.shl.com/products/product-catalog/?start=72&type=1&type=1
32,https://www.shl.com/products/product-catalog/?start=372&type=1&type=1
Next,https://www.shl.com/products/product-catalog/?start=76&type=1&type=1
Products,https://www.shl.com/products/
Product Catalog,https://www.shl.com/products/product-catalog/
Products,https://www.shl.com/products/
Products,https://www.shl.com/products/
Occupational Personality Questionnaire (OPQ),https://www.shl.com/products/assessments/personality-assessment/shl-occupational-personality-questionnaire-opq/
Job-Focused Assessments (JFA),https://www.shl.com/products/assessments/job-focused-assessments/
Motivational Questionnaire (MQ),https://www.shl.com/products/assessments/personality-assessment/shl-motivation-questionnaire-mq/
Situational Judgment Tests (SJT),https://www.shl.com/products/assessments/behavioral-assessments/situation-judgement-tests-sjt/
SHL Verify,https://www.shl.com/products/assessments/cognitive-assessments/
SHL 360,https://www.shl.com/products/360/
Assessments,https://www.shl.com/products/assessments/
Behavioral Assessments,https://www.shl.com/products/assessments/behavioral-assessments/
Cognitive Assessments,https://www.shl.com/products/assessments/cognitive-assessments/
Personality Assessments,https://www.shl.com/products/assessments/personality-assessment/
Video Interviews,https://www.shl.com/products/video-interviews/
Skills & Simulations,https://www.shl.com/products/assessments/skills-and-simulations/
Call Center Simulations,https://www.shl.com/products/assessments/skills-and-simulations/call-center-simulations/
Business Skills,https://www.shl.com/products/assessments/skills-and-simulations/business-skills/
Coding Simulations,https://www.shl.com/products/assessments/skills-and-simulations/coding-simulations/
Technical Skills,https://www.shl.com/products/assessments/skills-and-simulations/technical-skills/
Language Evaluation,https://www.shl.com/products/assessments/skills-and-simulations/language-evaluation/
View all SHL ProductsGet the ultimate view of potential with SHL’s unmatched portfolio of assessments and interview technology.,https://www.shl.com/products/
Outsourced Assessments (VADC),https://www.shl.com/products/assessments/assessment-and-development-centers/
View Product Catalog,https://www.shl.com/products/product-catalog/
Products,https://www.shl.com/products/
Desktop Support (New),https://www.shl.com/products/product-catalog/view/desktop-support-new/
Digital Advertising (New),https://www.shl.com/products/product-catalog/view/digital-advertising-new/
Digital Readiness Development Report - IC,https://www.shl.com/products/product-catalog/view/digital-readiness-development-report/
Digital Readiness Development Report - Manager,https://www.shl.com/products/product-catalog/view/digital-readiness-development-report-manager/
Docker (New),https://www.shl.com/products/product-catalog/view/docker-new/
Dojo (New),https://www.shl.com/products/product-catalog/view/dojo-new/
Drupal (New),https://www.shl.com/products/product-catalog/view/drupal-new/
DSI v1.1 Interpretation Report,https://www.shl.com/products/product-catalog/view/dsi-v1-1-interpretation-report/
Econometrics (New),https://www.shl.com/products/product-catalog/view/econometrics-new/
Economics (New),https://www.shl.com/products/product-catalog/view/economics-new/
Electrical and Electronics Engineering (New),https://www.shl.com/products/product-catalog/view/electrical-and-electronics-engineering-new/
Electrical Engineering (New),https://www.shl.com/products/product-catalog/view/electrical-engineering-new/
Previous,https://www.shl.com/products/product-catalog/?start=68&type=1&type=1
1,https://www.shl.com/products/product-catalog/?start=0&type=1&type=1
6,https://www.shl.com/products/product-catalog/?start=60&type=1&type=1
8,https://www.shl.com/products/product-catalog/?start=84&type=1&type=1
32,https://www.shl.com/products/product-catalog/?start=372&type=1&type=1
Next,https://www.shl.com/products/product-catalog/?start=92&type=1&type=1
Products,https://www.shl.com/products/
Product Catalog,https://www.shl.com/products/product-catalog/
Products,https://www.shl.com/products/
Products,https://www.shl.com/products/
Occupational Personality Questionnaire (OPQ),https://www.shl.com/products/assessments/personality-assessment/shl-occupational-personality-questionnaire-opq/
Job-Focused Assessments (JFA),https://www.shl.com/products/assessments/job-focused-assessments/
Motivational Questionnaire (MQ),https://www.shl.com/products/assessments/personality-assessment/shl-motivation-questionnaire-mq/
Situational Judgment Tests (SJT),https://www.shl.com/products/assessments/behavioral-assessments/situation-judgement-tests-sjt/
SHL Verify,https://www.shl.com/products/assessments/cognitive-assessments/
SHL 360,https://www.shl.com/products/360/
Assessments,https://www.shl.com/products/assessments/
Behavioral Assessments,https://www.shl.com/products/assessments/behavioral-assessments/
Cognitive Assessments,https://www.shl.com/products/assessments/cognitive-assessments/
Personality Assessments,https://www.shl.com/products/assessments/personality-assessment/
Video Interviews,https://www.shl.com/products/video-interviews/
Skills & Simulations,https://www.shl.com/products/assessments/skills-and-simulations/
Call Center Simulations,https://www.shl.com/products/assessments/skills-and-simulations/call-center-simulations/
Business Skills,https://www.shl.com/products/assessments/skills-and-simulations/business-skills/
Coding Simulations,https://www.shl.com/products/assessments/skills-and-simulations/coding-simulations/
Technical Skills,https://www.shl.com/products/assessments/skills-and-simulations/technical-skills/
Language Evaluation,https://www.shl.com/products/assessments/skills-and-simulations/language-evaluation/
View all SHL ProductsGet the ultimate view of potential with SHL’s unmatched portfolio of assessments and interview technology.,https://www.shl.com/products/
Outsourced Assessments (VADC),https://www.shl.com/products/assessments/assessment-and-development-centers/
View Product Catalog,https://www.shl.com/products/product-catalog/
Products,https://www.shl.com/products/
Enterprise Java Beans (New),https://www.shl.com/products/product-catalog/view/enterprise-java-beans-new/
Enterprise Leadership Report 1.0,https://www.shl.com/products/product-catalog/view/enterprise-leadership-report/
Enterprise Leadership Report 2.0,https://www.shl.com/products/product-catalog/view/enterprise-leadership-report-2-0/
Entry Level Cashier Solution,https://www.shl.com/products/product-catalog/view/entry-level-cashier-solution/
Entry Level Customer Serv-Retail & Contact Center,https://www.shl.com/products/product-catalog/view/entry-level-customer-serv-retail-and-contact-center/
Entry Level Customer Service (General) Solution,https://www.shl.com/products/product-catalog/view/entry-level-customer-service-general-solution/
Entry Level Hotel Front Desk Solution,https://www.shl.com/products/product-catalog/view/entry-level-hotel-front-desk-solution/
Entry Level Sales Solution,https://www.shl.com/products/product-catalog/view/entry-level-sales-solution/
Entry Level Technical Support Solution,https://www.shl.com/products/product-catalog/view/entry-level-technical-support-solution/
ETL Testing (New),https://www.shl.com/products/product-catalog/view/etl-testing-new/
Executive Scenarios,https://www.shl.com/products/product-catalog/view/executive-scenarios/
Executive Scenarios Narrative Report,https://www.shl.com/products/product-catalog/view/executive-scenarios-narrative-report/
Previous,https://www.shl.com/products/product-catalog/?start=84&type=1&type=1
1,https://www.shl.com/products/product-catalog/?start=0&type=1&type=1
8,https://www.shl.com/products/product-catalog/?start=84&type=1&type=1
10,https://www.shl.com/products/product-catalog/?start=108&type=1&type=1
32,https://www.shl.com/products/product-catalog/?start=372&type=1&type=1
Next,https://www.shl.com/products/product-catalog/?start=108&type=1&type=1
Products,https://www.shl.com/products/
Product Catalog,https://www.shl.com/products/product-catalog/
Products,https://www.shl.com/products/
Products,https://www.shl.com/products/
Occupational Personality Questionnaire (OPQ),https://www.shl.com/products/assessments/personality-assessment/shl-occupational-personality-questionnaire-opq/
Job-Focused Assessments (JFA),https://www.shl.com/products/assessments/job-focused-assessments/
Motivational Questionnaire (MQ),https://www.shl.com/products/assessments/personality-assessment/shl-motivation-questionnaire-mq/
Situational Judgment Tests (SJT),https://www.shl.com/products/assessments/behavioral-assessments/situation-judgement-tests-sjt/
SHL Verify,https://www.shl.com/products/assessments/cognitive-assessments/
SHL 360,https://www.shl.com/products/360/
Assessments,https://www.shl.com/products/assessments/
Behavioral Assessments,https://www.shl.com/products/assessments/behavioral-assessments/
Cognitive Assessments,https://www.shl.com/products/assessments/cognitive-assessments/
Personality Assessments,https://www.shl.com/products/assessments/personality-assessment/
Video Interviews,https://www.shl.com/products/video-interviews/
Skills & Simulations,https://www.shl.com/products/assessments/skills-and-simulations/
Call Center Simulations,https://www.shl.com/products/assessments/skills-and-simulations/call-center-simulations/
Business Skills,https://www.shl.com/products/assessments/skills-and-simulations/business-skills/
Coding Simulations,https://www.shl.com/products/assessments/skills-and-simulations/coding-simulations/
Technical Skills,https://www.shl.com/products/assessments/skills-and-simulations/technical-skills/
Language Evaluation,https://www.shl.com/products/assessments/skills-and-simulations/language-evaluation/
View all SHL ProductsGet the ultimate view of potential with SHL’s unmatched portfolio of assessments and interview technology.,https://www.shl.com/products/
Outsourced Assessments (VADC),https://www.shl.com/products/assessments/assessment-and-development-centers/
View Product Catalog,https://www.shl.com/products/product-catalog/
Products,https://www.shl.com/products/
Financial Accounting (New),https://www.shl.com/products/product-catalog/view/financial-accounting-new/
Financial and Banking Services (New),https://www.shl.com/products/product-catalog/view/financial-and-banking-services-new/
Fire Engineering (New),https://www.shl.com/products/product-catalog/view/fire-engineering-new/
Following Instructions v1 - UK (R1),https://www.shl.com/products/product-catalog/view/following-instructions-v1-uk-r1/
Following Instructions v1 - US (R2),https://www.shl.com/products/product-catalog/view/following-instructions-v1-us-r2/
Food and Beverage Services (New),https://www.shl.com/products/product-catalog/view/food-and-beverage-services-new/
Food Science (New),https://www.shl.com/products/product-catalog/view/food-science-new/
Front Office Management (New),https://www.shl.com/products/product-catalog/view/front-office-management-new/
Fundamentals of Chemistry (New),https://www.shl.com/products/product-catalog/view/fundamentals-of-chemistry-new/
Fundamentals of Physics (New),https://www.shl.com/products/product-catalog/view/fundamentals-of-physics-new/
General Diseases (New),https://www.shl.com/products/product-catalog/view/general-diseases-new/
Geoinformatics Engineering (New),https://www.shl.com/products/product-catalog/view/geoinformatics-engineering-new/
Previous,https://www.shl.com/products/product-catalog/?start=100&type=1&type=1
1,https://www.shl.com/products/product-catalog/?start=0&type=1&type=1
9,https://www.shl.com/products/product-catalog/?start=96&type=1&type=1
11,https://www.shl.com/products/product-catalog/?start=120&type=1&type=1
32,https://www.shl.com/products/product-catalog/?start=372&type=1&type=1
Next,https://www.shl.com/products/product-catalog/?start=124&type=1&type=1
Products,https://www.shl.com/products/
Product Catalog,https://www.shl.com/products/product-catalog/
Products,https://www.shl.com/products/
Products,https://www.shl.com/products/
Occupational Personality Questionnaire (OPQ),https://www.shl.com/products/assessments/personality-assessment/shl-occupational-personality-questionnaire-opq/
Job-Focused Assessments (JFA),https://www.shl.com/products/assessments/job-focused-assessments/
Motivational Questionnaire (MQ),https://www.shl.com/products/assessments/personality-assessment/shl-motivation-questionnaire-mq/
Situational Judgment Tests (SJT),https://www.shl.com/products/assessments/behavioral-assessments/situation-judgement-tests-sjt/
SHL Verify,https://www.shl.com/products/assessments/cognitive-assessments/
SHL 360,https://www.shl.com/products/360/
Assessments,https://www.shl.com/products/assessments/
Behavioral Assessments,https://www.shl.com/products/assessments/behavioral-assessments/
Cognitive Assessments,https://www.shl.com/products/assessments/cognitive-assessments/
Personality Assessments,https://www.shl.com/products/assessments/personality-assessment/
Video Interviews,https://www.shl.com/products/video-interviews/
Skills & Simulations,https://www.shl.com/products/assessments/skills-and-simulations/
Call Center Simulations,https://www.shl.com/products/assessments/skills-and-simulations/call-center-simulations/
Business Skills,https://www.shl.com/products/assessments/skills-and-simulations/business-skills/
Coding Simulations,https://www.shl.com/products/assessments/skills-and-simulations/coding-simulations/
Technical Skills,https://www.shl.com/products/assessments/skills-and-simulations/technical-skills/
Language Evaluation,https://www.shl.com/products/assessments/skills-and-simulations/language-evaluation/
View all SHL ProductsGet the ultimate view of potential with SHL’s unmatched portfolio of assessments and interview technology.,https://www.shl.com/products/
Outsourced Assessments (VADC),https://www.shl.com/products/assessments/assessment-and-development-centers/
View Product Catalog,https://www.shl.com/products/product-catalog/
Products,https://www.shl.com/products/
Graduate Scenarios Narrative Report,https://www.shl.com/products/product-catalog/view/graduate-scenarios-narrative-report/
Graduate Scenarios Profile Report,https://www.shl.com/products/product-catalog/view/graduate-scenarios-profile-report/
Hibernate (New),https://www.shl.com/products/product-catalog/view/hibernate-new/
HIPAA (Security),https://www.shl.com/products/product-catalog/view/hipaa-security/
HiPo Assessment Report 1.0,https://www.shl.com/products/product-catalog/view/hipo-assessment-report-1-0/
HiPo Assessment Report 2.0,https://www.shl.com/products/product-catalog/view/hipo-assessment-report-2-0/
HiPo Unlocking Potential Report 2.0,https://www.shl.com/products/product-catalog/view/hipo-unlocking-potential-report-2-0/
Housekeeping (New),https://www.shl.com/products/product-catalog/view/housekeeping-new/
HTML/CSS (New),https://www.shl.com/products/product-catalog/view/htmlcss-new/
HTML5 (New),https://www.shl.com/products/product-catalog/view/html5-new/
Human Resources (New),https://www.shl.com/products/product-catalog/view/human-resources-new/
IBM DataStage (New),https://www.shl.com/products/product-catalog/view/ibm-datastage-new/
Previous,https://www.shl.com/products/product-catalog/?start=116&type=1&type=1
1,https://www.shl.com/products/product-catalog/?start=0&type=1&type=1
10,https://www.shl.com/products/product-catalog/?start=108&type=1&type=1
12,https://www.shl.com/products/product-catalog/?start=132&type=1&type=1
32,https://www.shl.com/products/product-catalog/?start=372&type=1&type=1
Next,https://www.shl.com/products/product-catalog/?start=140&type=1&type=1
Products,https://www.shl.com/products/
Product Catalog,https://www.shl.com/products/product-catalog/
Products,https://www.shl.com/products/
Products,https://www.shl.com/products/
Occupational Personality Questionnaire (OPQ),https://www.shl.com/products/assessments/personality-assessment/shl-occupational-personality-questionnaire-opq/
Job-Focused Assessments (JFA),https://www.shl.com/products/assessments/job-focused-assessments/
Motivational Questionnaire (MQ),https://www.shl.com/products/assessments/personality-assessment/shl-motivation-questionnaire-mq/
Situational Judgment Tests (SJT),https://www.shl.com/products/assessments/behavioral-assessments/situation-judgement-tests-sjt/
SHL Verify,https://www.shl.com/products/assessments/cognitive-assessments/
SHL 360,https://www.shl.com/products/360/
Assessments,https://www.shl.com/products/assessments/
Behavioral Assessments,https://www.shl.com/products/assessments/behavioral-assessments/
Cognitive Assessments,https://www.shl.com/products/assessments/cognitive-assessments/
Personality Assessments,https://www.shl.com/products/assessments/personality-assessment/
Video Interviews,https://www.shl.com/products/video-interviews/
Skills & Simulations,https://www.shl.com/products/assessments/skills-and-simulations/
Call Center Simulations,https://www.shl.com/products/assessments/skills-and-simulations/call-center-simulations/
Business Skills,https://www.shl.com/products/assessments/skills-and-simulations/business-skills/
Coding Simulations,https://www.shl.com/products/assessments/skills-and-simulations/coding-simulations/
Technical Skills,https://www.shl.com/products/assessments/skills-and-simulations/technical-skills/
Language Evaluation,https://www.shl.com/products/assessments/skills-and-simulations/language-evaluation/
View all SHL ProductsGet the ultimate view of potential with SHL’s unmatched portfolio of assessments and interview technology.,https://www.shl.com/products/
Outsourced Assessments (VADC),https://www.shl.com/products/assessments/assessment-and-development-centers/
View Product Catalog,https://www.shl.com/products/product-catalog/
Products,https://www.shl.com/products/
Instrumentation Engineering (New),https://www.shl.com/products/product-catalog/view/instrumentation-engineering-new/
Interpersonal Communications,https://www.shl.com/products/product-catalog/view/interpersonal-communications/
Interviewing and Hiring Concepts (U.S.),https://www.shl.com/products/product-catalog/view/interviewing-and-hiring-concepts-u-s/
iOS Development (New),https://www.shl.com/products/product-catalog/view/ios-development-new/
ITIL (IT Infrastructure Library) (New),https://www.shl.com/products/product-catalog/view/itil-it-infrastructure-library-new/
Java 2 Platform Enterprise Edition 1.4 Fundamental,https://www.shl.com/products/product-catalog/view/java-2-platform-enterprise-edition-1-4-fundamental/
Java 8 (New),https://www.shl.com/products/product-catalog/view/java-8-new/
Java Design Patterns (New),https://www.shl.com/products/product-catalog/view/java-design-patterns-new/
Java Frameworks (New),https://www.shl.com/products/product-catalog/view/java-frameworks-new/
Java Platform Enterprise Edition 7 (Java EE 7),https://www.shl.com/products/product-catalog/view/java-platform-enterprise-edition-7-java-ee-7/
Java Web Services (New),https://www.shl.com/products/product-catalog/view/java-web-services-new/
JavaScript (New),https://www.shl.com/products/product-catalog/view/javascript-new/
Previous,https://www.shl.com/products/product-catalog/?start=132&type=1&type=1
1,https://www.shl.com/products/product-catalog/?start=0&type=1&type=1
12,https://www.shl.com/products/product-catalog/?start=132&type=1&type=1
14,https://www.shl.com/products/product-catalog/?start=156&type=1&type=1
32,https://www.shl.com/products/product-catalog/?start=372&type=1&type=1
Next,https://www.shl.com/products/product-catalog/?start=156&type=1&type=1
Products,https://www.shl.com/products/
Product Catalog,https://www.shl.com/products/product-catalog/
Products,https://www.shl.com/products/
Products,https://www.shl.com/products/
Occupational Personality Questionnaire (OPQ),https://www.shl.com/products/assessments/personality-assessment/shl-occupational-personality-questionnaire-opq/
Job-Focused Assessments (JFA),https://www.shl.com/products/assessments/job-focused-assessments/
Motivational Questionnaire (MQ),https://www.shl.com/products/assessments/personality-assessment/shl-motivation-questionnaire-mq/
Situational Judgment Tests (SJT),https://www.shl.com/products/assessments/behavioral-assessments/situation-judgement-tests-sjt/
SHL Verify,https://www.shl.com/products/assessments/cognitive-assessments/
SHL 360,https://www.shl.com/products/360/
Assessments,https://www.shl.com/products/assessments/
Behavioral Assessments,https://www.shl.com/products/assessments/behavioral-assessments/
Cognitive Assessments,https://www.shl.com/products/assessments/cognitive-assessments/
Personality Assessments,https://www.shl.com/products/assessments/personality-assessment/
Video Interviews,https://www.shl.com/products/video-interviews/
Skills & Simulations,https://www.shl.com/products/assessments/skills-and-simulations/
Call Center Simulations,https://www.shl.com/products/assessments/skills-and-simulations/call-center-simulations/
Business Skills,https://www.shl.com/products/assessments/skills-and-simulations/business-skills/
Coding Simulations,https://www.shl.com/products/assessments/skills-and-simulations/coding-simulations/
Technical Skills,https://www.shl.com/products/assessments/skills-and-simulations/technical-skills/
Language Evaluation,https://www.shl.com/products/assessments/skills-and-simulations/language-evaluation/
View all SHL ProductsGet the ultimate view of potential with SHL’s unmatched portfolio of assessments and interview technology.,https://www.shl.com/products/
Outsourced Assessments (VADC),https://www.shl.com/products/assessments/assessment-and-development-centers/
View Product Catalog,https://www.shl.com/products/product-catalog/
Products,https://www.shl.com/products/
Linux Administration (New),https://www.shl.com/products/product-catalog/view/linux-administration-new/
Linux Operating System,https://www.shl.com/products/product-catalog/view/linux-operating-system/
Linux Programming (General),https://www.shl.com/products/product-catalog/view/linux-programming-general/
Load Runner (New),https://www.shl.com/products/product-catalog/view/load-runner-new/
Management Scenarios,https://www.shl.com/products/product-catalog/view/management-scenarios/
Managerial Scenarios Candidate Report,https://www.shl.com/products/product-catalog/view/managerial-scenarios-candidate-report/
Managerial Scenarios Narrative Report,https://www.shl.com/products/product-catalog/view/managerial-scenarios-narrative-report/
Managerial Scenarios Profile Report,https://www.shl.com/products/product-catalog/view/managerial-scenarios-profile-report/
Manual Testing (New),https://www.shl.com/products/product-catalog/view/manual-testing-new/
Manufac. & Indust. - Mechanical & Vigilance 8.0,https://www.shl.com/products/product-catalog/view/mechanical-and-vigilance-focus-8-0/
Manufac. & Indust. - Safety & Dependability 8.0,https://www.shl.com/products/product-catalog/view/safety-and-dependability-focus-8-0/
Manufacturing & Industrial - Essential Focus 8.0,https://www.shl.com/products/product-catalog/view/essential-focus-8-0/
Previous,https://www.shl.com/products/product-catalog/?start=148&type=1&type=1
1,https://www.shl.com/products/product-catalog/?start=0&type=1&type=1
13,https://www.shl.com/products/product-catalog/?start=144&type=1&type=1
15,https://www.shl.com/products/product-catalog/?start=168&type=1&type=1
32,https://www.shl.com/products/product-catalog/?start=372&type=1&type=1
Next,https://www.shl.com/products/product-catalog/?start=172&type=1&type=1
Products,https://www.shl.com/products/
Product Catalog,https://www.shl.com/products/product-catalog/
Products,https://www.shl.com/products/
Products,https://www.shl.com/products/
Occupational Personality Questionnaire (OPQ),https://www.shl.com/products/assessments/personality-assessment/shl-occupational-personality-questionnaire-opq/
Job-Focused Assessments (JFA),https://www.shl.com/products/assessments/job-focused-assessments/
Motivational Questionnaire (MQ),https://www.shl.com/products/assessments/personality-assessment/shl-motivation-questionnaire-mq/
Situational Judgment Tests (SJT),https://www.shl.com/products/assessments/behavioral-assessments/situation-judgement-tests-sjt/
SHL Verify,https://www.shl.com/products/assessments/cognitive-assessments/
SHL 360,https://www.shl.com/products/360/
Assessments,https://www.shl.com/products/assessments/
Behavioral Assessments,https://www.shl.com/products/assessments/behavioral-assessments/
Cognitive Assessments,https://www.shl.com/products/assessments/cognitive-assessments/
Personality Assessments,https://www.shl.com/products/assessments/personality-assessment/
Video Interviews,https://www.shl.com/products/video-interviews/
Skills & Simulations,https://www.shl.com/products/assessments/skills-and-simulations/
Call Center Simulations,https://www.shl.com/products/assessments/skills-and-simulations/call-center-simulations/
Business Skills,https://www.shl.com/products/assessments/skills-and-simulations/business-skills/
Coding Simulations,https://www.shl.com/products/assessments/skills-and-simulations/coding-simulations/
Technical Skills,https://www.shl.com/products/assessments/skills-and-simulations/technical-skills/
Language Evaluation,https://www.shl.com/products/assessments/skills-and-simulations/language-evaluation/
View all SHL ProductsGet the ultimate view of potential with SHL’s unmatched portfolio of assessments and interview technology.,https://www.shl.com/products/
Outsourced Assessments (VADC),https://www.shl.com/products/assessments/assessment-and-development-centers/
View Product Catalog,https://www.shl.com/products/product-catalog/
Products,https://www.shl.com/products/
Mechanical Engineering (New),https://www.shl.com/products/product-catalog/view/mechanical-engineering-new/
Mechatronics Engineering (New),https://www.shl.com/products/product-catalog/view/mechatronics-engineering-new/
Medical Terminology (New),https://www.shl.com/products/product-catalog/view/medical-terminology-new/
Metallurgical Engineering (New),https://www.shl.com/products/product-catalog/view/metallurgical-engineering-new/
MFS 360 Enterprise Leadership Report,https://www.shl.com/products/product-catalog/view/mfs-360-enterprise-leadership-report/
MFS 360 UCF Group Report,https://www.shl.com/products/product-catalog/view/mfs-360-ucf-group-report/
MFS 360 UCF Performance Potential Dev Tips Report,https://www.shl.com/products/product-catalog/view/mfs-360-ucf-performance-potential-dev-tips-report/
MFS 360 UCF Standard Report,https://www.shl.com/products/product-catalog/view/mfs-360-ucf-standard-report/
Micro Focus Unified Functional Testing (New),https://www.shl.com/products/product-catalog/view/micro-focus-unified-functional-testing-new/
Microservices (New),https://www.shl.com/products/product-catalog/view/microservices-new/
Microsoft Dynamics Development (New),https://www.shl.com/products/product-catalog/view/microsoft-dynamics-development-new/
Microsoft Excel 365 - Essentials (New),https://www.shl.com/products/product-catalog/view/microsoft-excel-365-essentials-new/
Previous,https://www.shl.com/products/product-catalog/?start=164&type=1&type=1
1,https://www.shl.com/products/product-catalog/?start=0&type=1&type=1
14,https://www.shl.com/products/product-catalog/?start=156&type=1&type=1
16,https://www.shl.com/products/product-catalog/?start=180&type=1&type=1
32,https://www.shl.com/products/product-catalog/?start=372&type=1&type=1
Next,https://www.shl.com/products/product-catalog/?start=188&type=1&type=1
Products,https://www.shl.com/products/
Product Catalog,https://www.shl.com/products/product-catalog/
Products,https://www.shl.com/products/
Products,https://www.shl.com/products/
Occupational Personality Questionnaire (OPQ),https://www.shl.com/products/assessments/personality-assessment/shl-occupational-personality-questionnaire-opq/
Job-Focused Assessments (JFA),https://www.shl.com/products/assessments/job-focused-assessments/
Motivational Questionnaire (MQ),https://www.shl.com/products/assessments/personality-assessment/shl-motivation-questionnaire-mq/
Situational Judgment Tests (SJT),https://www.shl.com/products/assessments/behavioral-assessments/situation-judgement-tests-sjt/
SHL Verify,https://www.shl.com/products/assessments/cognitive-assessments/
SHL 360,https://www.shl.com/products/360/
Assessments,https://www.shl.com/products/assessments/
Behavioral Assessments,https://www.shl.com/products/assessments/behavioral-assessments/
Cognitive Assessments,https://www.shl.com/products/assessments/cognitive-assessments/
Personality Assessments,https://www.shl.com/products/assessments/personality-assessment/
Video Interviews,https://www.shl.com/products/video-interviews/
Skills & Simulations,https://www.shl.com/products/assessments/skills-and-simulations/
Call Center Simulations,https://www.shl.com/products/assessments/skills-and-simulations/call-center-simulations/
Business Skills,https://www.shl.com/products/assessments/skills-and-simulations/business-skills/
Coding Simulations,https://www.shl.com/products/assessments/skills-and-simulations/coding-simulations/
Technical Skills,https://www.shl.com/products/assessments/skills-and-simulations/technical-skills/
Language Evaluation,https://www.shl.com/products/assessments/skills-and-simulations/language-evaluation/
View all SHL ProductsGet the ultimate view of potential with SHL’s unmatched portfolio of assessments and interview technology.,https://www.shl.com/products/
Outsourced Assessments (VADC),https://www.shl.com/products/assessments/assessment-and-development-centers/
View Product Catalog,https://www.shl.com/products/product-catalog/
Products,https://www.shl.com/products/
Microsoft Windows Server 2012 Administration,https://www.shl.com/products/product-catalog/view/microsoft-windows-server-2012-administration/
Microsoft Word 365 - Essentials (New),https://www.shl.com/products/product-catalog/view/microsoft-word-365-essentials-new/
Microsoft Word 365 (New),https://www.shl.com/products/product-catalog/view/microsoft-word-365-new/
Mineral Engineering (New),https://www.shl.com/products/product-catalog/view/mineral-engineering-new/
Mining Engineering (New),https://www.shl.com/products/product-catalog/view/mining-engineering-new/
Mobility (New),https://www.shl.com/products/product-catalog/view/mobility-new/
Molecular Biology (New),https://www.shl.com/products/product-catalog/view/molecular-biology-new/
MongoDB (New),https://www.shl.com/products/product-catalog/view/mongodb-new/
Motivation Questionnaire MQM5,https://www.shl.com/products/product-catalog/view/motivation-questionnaire-mqm5/
MQ Candidate Motivation Report,https://www.shl.com/products/product-catalog/view/mq-candidate-motivation-report/
MQ Employee Motivation Report,https://www.shl.com/products/product-catalog/view/mq-employee-motivation-report/
MQ Motivation Report Pack,https://www.shl.com/products/product-catalog/view/mq-motivation-report-pack/
Previous,https://www.shl.com/products/product-catalog/?start=180&type=1&type=1
1,https://www.shl.com/products/product-catalog/?start=0&type=1&type=1
16,https://www.shl.com/products/product-catalog/?start=180&type=1&type=1
18,https://www.shl.com/products/product-catalog/?start=204&type=1&type=1
32,https://www.shl.com/products/product-catalog/?start=372&type=1&type=1
Next,https://www.shl.com/products/product-catalog/?start=204&type=1&type=1
Products,https://www.shl.com/products/
Product Catalog,https://www.shl.com/products/product-catalog/
Products,https://www.shl.com/products/
Products,https://www.shl.com/products/
Occupational Personality Questionnaire (OPQ),https://www.shl.com/products/assessments/personality-assessment/shl-occupational-personality-questionnaire-opq/
Job-Focused Assessments (JFA),https://www.shl.com/products/assessments/job-focused-assessments/
Motivational Questionnaire (MQ),https://www.shl.com/products/assessments/personality-assessment/shl-motivation-questionnaire-mq/
Situational Judgment Tests (SJT),https://www.shl.com/products/assessments/behavioral-assessments/situation-judgement-tests-sjt/
SHL Verify,https://www.shl.com/products/assessments/cognitive-assessments/
SHL 360,https://www.shl.com/products/360/
Assessments,https://www.shl.com/products/assessments/
Behavioral Assessments,https://www.shl.com/products/assessments/behavioral-assessments/
Cognitive Assessments,https://www.shl.com/products/assessments/cognitive-assessments/
Personality Assessments,https://www.shl.com/products/assessments/personality-assessment/
Video Interviews,https://www.shl.com/products/video-interviews/
Skills & Simulations,https://www.shl.com/products/assessments/skills-and-simulations/
Call Center Simulations,https://www.shl.com/products/assessments/skills-and-simulations/call-center-simulations/
Business Skills,https://www.shl.com/products/assessments/skills-and-simulations/business-skills/
Coding Simulations,https://www.shl.com/products/assessments/skills-and-simulations/coding-simulations/
Technical Skills,https://www.shl.com/products/assessments/skills-and-simulations/technical-skills/
Language Evaluation,https://www.shl.com/products/assessments/skills-and-simulations/language-evaluation/
View all SHL ProductsGet the ultimate view of potential with SHL’s unmatched portfolio of assessments and interview technology.,https://www.shl.com/products/
Outsourced Assessments (VADC),https://www.shl.com/products/assessments/assessment-and-development-centers/
View Product Catalog,https://www.shl.com/products/product-catalog/
Products,https://www.shl.com/products/
MS Office Basic Computer Literacy (Sim) (New),https://www.shl.com/products/product-catalog/view/ms-office-basic-computer-literacy-sim-new/
MS PowerPoint (New),https://www.shl.com/products/product-catalog/view/ms-powerpoint-new/
MS Word (New),https://www.shl.com/products/product-catalog/view/ms-word-new/
MuleSoft Development (New),https://www.shl.com/products/product-catalog/view/mulesoft-development-new/
Multitasking Ability,https://www.shl.com/products/product-catalog/view/multitasking-ability/
Networking and Implementation (New),https://www.shl.com/products/product-catalog/view/networking-and-implementation-new/
Node.js (New),https://www.shl.com/products/product-catalog/view/node-js-new/
Nursing (New),https://www.shl.com/products/product-catalog/view/nursing-new/
Occupational Personality Questionnaire OPQ32r,https://www.shl.com/products/product-catalog/view/occupational-personality-questionnaire-opq32r/
Operations Management (New),https://www.shl.com/products/product-catalog/view/operations-management-new/
OPQ Candidate Plus Report,https://www.shl.com/products/product-catalog/view/opq-candidate-plus-report/
OPQ Candidate Report 2.0,https://www.shl.com/products/product-catalog/view/opq-candidate-report-2-0/
Previous,https://www.shl.com/products/product-catalog/?start=196&type=1&type=1
1,https://www.shl.com/products/product-catalog/?start=0&type=1&type=1
17,https://www.shl.com/products/product-catalog/?start=192&type=1&type=1
19,https://www.shl.com/products/product-catalog/?start=216&type=1&type=1
32,https://www.shl.com/products/product-catalog/?start=372&type=1&type=1
Next,https://www.shl.com/products/product-catalog/?start=220&type=1&type=1
Products,https://www.shl.com/products/
Product Catalog,https://www.shl.com/products/product-catalog/
Products,https://www.shl.com/products/
Products,https://www.shl.com/products/
Occupational Personality Questionnaire (OPQ),https://www.shl.com/products/assessments/personality-assessment/shl-occupational-personality-questionnaire-opq/
Job-Focused Assessments (JFA),https://www.shl.com/products/assessments/job-focused-assessments/
Motivational Questionnaire (MQ),https://www.shl.com/products/assessments/personality-assessment/shl-motivation-questionnaire-mq/
Situational Judgment Tests (SJT),https://www.shl.com/products/assessments/behavioral-assessments/situation-judgement-tests-sjt/
SHL Verify,https://www.shl.com/products/assessments/cognitive-assessments/
SHL 360,https://www.shl.com/products/360/
Assessments,https://www.shl.com/products/assessments/
Behavioral Assessments,https://www.shl.com/products/assessments/behavioral-assessments/
Cognitive Assessments,https://www.shl.com/products/assessments/cognitive-assessments/
Personality Assessments,https://www.shl.com/products/assessments/personality-assessment/
Video Interviews,https://www.shl.com/products/video-interviews/
Skills & Simulations,https://www.shl.com/products/assessments/skills-and-simulations/
Call Center Simulations,https://www.shl.com/products/assessments/skills-and-simulations/call-center-simulations/
Business Skills,https://www.shl.com/products/assessments/skills-and-simulations/business-skills/
Coding Simulations,https://www.shl.com/products/assessments/skills-and-simulations/coding-simulations/
Technical Skills,https://www.shl.com/products/assessments/skills-and-simulations/technical-skills/
Language Evaluation,https://www.shl.com/products/assessments/skills-and-simulations/language-evaluation/
View all SHL ProductsGet the ultimate view of potential with SHL’s unmatched portfolio of assessments and interview technology.,https://www.shl.com/products/
Outsourced Assessments (VADC),https://www.shl.com/products/assessments/assessment-and-development-centers/
View Product Catalog,https://www.shl.com/products/product-catalog/
Products,https://www.shl.com/products/
OPQ Maximising your Learning Report,https://www.shl.com/products/product-catalog/view/opq-maximising-your-learning-report/
OPQ MQ Sales Report,https://www.shl.com/products/product-catalog/view/opq-mq-sales-report/
OPQ Premium Plus Report,https://www.shl.com/products/product-catalog/view/opq-premium-plus-report/
OPQ Premium Plus Report 2.0,https://www.shl.com/products/product-catalog/view/opq-premium-plus-report-2-0/
OPQ Profile Report,https://www.shl.com/products/product-catalog/view/opq-profile-report/
OPQ Team Impact Group Development Report,https://www.shl.com/products/product-catalog/view/opq-team-impact-group-development-report/
OPQ Team Impact Individual Development Report,https://www.shl.com/products/product-catalog/view/opq-team-impact-individual-development-report/
OPQ Team Impact Selection Report,https://www.shl.com/products/product-catalog/view/opq-team-impact-selection-report/
OPQ Team Types & Leadership Styles Profile,https://www.shl.com/products/product-catalog/view/opq-team-types-and-leadership-styles-profile/
OPQ Team Types and Leadership Styles Report,https://www.shl.com/products/product-catalog/view/opq-team-types-and-leadership-styles-report/
OPQ UCF Development Action Planner Report 1.0,https://www.shl.com/products/product-catalog/view/opq-ucf-development-action-planner-report/
OPQ UCF Development Action Planner Report 2.0,https://www.shl.com/products/product-catalog/view/opq-ucf-development-action-planner-report-2-0/
Previous,https://www.shl.com/products/product-catalog/?start=212&type=1&type=1
1,https://www.shl.com/products/product-catalog/?start=0&type=1&type=1
18,https://www.shl.com/products/product-catalog/?start=204&type=1&type=1
20,https://www.shl.com/products/product-catalog/?start=228&type=1&type=1
32,https://www.shl.com/products/product-catalog/?start=372&type=1&type=1
Next,https://www.shl.com/products/product-catalog/?start=236&type=1&type=1
Products,https://www.shl.com/products/
Product Catalog,https://www.shl.com/products/product-catalog/
Products,https://www.shl.com/products/
Products,https://www.shl.com/products/
Occupational Personality Questionnaire (OPQ),https://www.shl.com/products/assessments/personality-assessment/shl-occupational-personality-questionnaire-opq/
Job-Focused Assessments (JFA),https://www.shl.com/products/assessments/job-focused-assessments/
Motivational Questionnaire (MQ),https://www.shl.com/products/assessments/personality-assessment/shl-motivation-questionnaire-mq/
Situational Judgment Tests (SJT),https://www.shl.com/products/assessments/behavioral-assessments/situation-judgement-tests-sjt/
SHL Verify,https://www.shl.com/products/assessments/cognitive-assessments/
SHL 360,https://www.shl.com/products/360/
Assessments,https://www.shl.com/products/assessments/
Behavioral Assessments,https://www.shl.com/products/assessments/behavioral-assessments/
Cognitive Assessments,https://www.shl.com/products/assessments/cognitive-assessments/
Personality Assessments,https://www.shl.com/products/assessments/personality-assessment/
Video Interviews,https://www.shl.com/products/video-interviews/
Skills & Simulations,https://www.shl.com/products/assessments/skills-and-simulations/
Call Center Simulations,https://www.shl.com/products/assessments/skills-and-simulations/call-center-simulations/
Business Skills,https://www.shl.com/products/assessments/skills-and-simulations/business-skills/
Coding Simulations,https://www.shl.com/products/assessments/skills-and-simulations/coding-simulations/
Technical Skills,https://www.shl.com/products/assessments/skills-and-simulations/technical-skills/
Language Evaluation,https://www.shl.com/products/assessments/skills-and-simulations/language-evaluation/
View all SHL ProductsGet the ultimate view of potential with SHL’s unmatched portfolio of assessments and interview technology.,https://www.shl.com/products/
Outsourced Assessments (VADC),https://www.shl.com/products/assessments/assessment-and-development-centers/
View Product Catalog,https://www.shl.com/products/product-catalog/
Products,https://www.shl.com/products/
Oracle DBA (Advanced Level) (New),https://www.shl.com/products/product-catalog/view/oracle-dba-advanced-level-new/
Oracle DBA (Entry Level) (New),https://www.shl.com/products/product-catalog/view/oracle-dba-entry-level-new/
Oracle PL/SQL (New),https://www.shl.com/products/product-catalog/view/oracle-plsql-new/
Oracle WebLogic Server (New),https://www.shl.com/products/product-catalog/view/oracle-weblogic-server-new/
Organic Chemistry (New),https://www.shl.com/products/product-catalog/view/organic-chemistry-new/
Paint Technology (New),https://www.shl.com/products/product-catalog/view/paint-technology-new/
Pediatrics (New),https://www.shl.com/products/product-catalog/view/pediatrics-new/
Pega Development (New),https://www.shl.com/products/product-catalog/view/pega-development-new/
Perl (New),https://www.shl.com/products/product-catalog/view/perl-new/
Petrochemical Engineering (New),https://www.shl.com/products/product-catalog/view/petrochemical-engineering-new/
Petroleum Engineering (New),https://www.shl.com/products/product-catalog/view/petroleum-engineering-new/
Pharmaceutical Analysis (New),https://www.shl.com/products/product-catalog/view/pharmaceutical-analysis-new/
Previous,https://www.shl.com/products/product-catalog/?start=228&type=1&type=1
1,https://www.shl.com/products/product-catalog/?start=0&type=1&type=1
20,https://www.shl.com/products/product-catalog/?start=228&type=1&type=1
22,https://www.shl.com/products/product-catalog/?start=252&type=1&type=1
32,https://www.shl.com/products/product-catalog/?start=372&type=1&type=1
Next,https://www.shl.com/products/product-catalog/?start=252&type=1&type=1
Products,https://www.shl.com/products/
Product Catalog,https://www.shl.com/products/product-catalog/
Products,https://www.shl.com/products/
Products,https://www.shl.com/products/
Occupational Personality Questionnaire (OPQ),https://www.shl.com/products/assessments/personality-assessment/shl-occupational-personality-questionnaire-opq/
Job-Focused Assessments (JFA),https://www.shl.com/products/assessments/job-focused-assessments/
Motivational Questionnaire (MQ),https://www.shl.com/products/assessments/personality-assessment/shl-motivation-questionnaire-mq/
Situational Judgment Tests (SJT),https://www.shl.com/products/assessments/behavioral-assessments/situation-judgement-tests-sjt/
SHL Verify,https://www.shl.com/products/assessments/cognitive-assessments/
SHL 360,https://www.shl.com/products/360/
Assessments,https://www.shl.com/products/assessments/
Behavioral Assessments,https://www.shl.com/products/assessments/behavioral-assessments/
Cognitive Assessments,https://www.shl.com/products/assessments/cognitive-assessments/
Personality Assessments,https://www.shl.com/products/assessments/personality-assessment/
Video Interviews,https://www.shl.com/products/video-interviews/
Skills & Simulations,https://www.shl.com/products/assessments/skills-and-simulations/
Call Center Simulations,https://www.shl.com/products/assessments/skills-and-simulations/call-center-simulations/
Business Skills,https://www.shl.com/products/assessments/skills-and-simulations/business-skills/
Coding Simulations,https://www.shl.com/products/assessments/skills-and-simulations/coding-simulations/
Technical Skills,https://www.shl.com/products/assessments/skills-and-simulations/technical-skills/
Language Evaluation,https://www.shl.com/products/assessments/skills-and-simulations/language-evaluation/
View all SHL ProductsGet the ultimate view of potential with SHL’s unmatched portfolio of assessments and interview technology.,https://www.shl.com/products/
Outsourced Assessments (VADC),https://www.shl.com/products/assessments/assessment-and-development-centers/
View Product Catalog,https://www.shl.com/products/product-catalog/
Products,https://www.shl.com/products/
PHP (New),https://www.shl.com/products/product-catalog/view/php-new/
PJM Development Report,https://www.shl.com/products/product-catalog/view/pjm-development-report/
PJM Selection Report,https://www.shl.com/products/product-catalog/view/pjm-selection-report/
Polymer Engineering (New),https://www.shl.com/products/product-catalog/view/polymer-engineering-new/
Power Electronics and Drives (New),https://www.shl.com/products/product-catalog/view/power-electronics-and-drives-new/
Power System Engineering (New),https://www.shl.com/products/product-catalog/view/power-system-engineering-new/
Prism (New),https://www.shl.com/products/product-catalog/view/prism-new/
Production and Industrial Engineering (New),https://www.shl.com/products/product-catalog/view/production-and-industrial-engineering-new/
Production Engineering (New),https://www.shl.com/products/product-catalog/view/production-engineering-new/
Programming Concepts,https://www.shl.com/products/product-catalog/view/programming-concepts/
Project Management (2013),https://www.shl.com/products/product-catalog/view/project-management-2013/
Proofreading v1,https://www.shl.com/products/product-catalog/view/proofreading-v1/
Previous,https://www.shl.com/products/product-catalog/?start=244&type=1&type=1
1,https://www.shl.com/products/product-catalog/?start=0&type=1&type=1
21,https://www.shl.com/products/product-catalog/?start=240&type=1&type=1
23,https://www.shl.com/products/product-catalog/?start=264&type=1&type=1
32,https://www.shl.com/products/product-catalog/?start=372&type=1&type=1
Next,https://www.shl.com/products/product-catalog/?start=268&type=1&type=1
Products,https://www.shl.com/products/
Product Catalog,https://www.shl.com/products/product-catalog/
Products,https://www.shl.com/products/
Products,https://www.shl.com/products/
Occupational Personality Questionnaire (OPQ),https://www.shl.com/products/assessments/personality-assessment/shl-occupational-personality-questionnaire-opq/
Job-Focused Assessments (JFA),https://www.shl.com/products/assessments/job-focused-assessments/
Motivational Questionnaire (MQ),https://www.shl.com/products/assessments/personality-assessment/shl-motivation-questionnaire-mq/
Situational Judgment Tests (SJT),https://www.shl.com/products/assessments/behavioral-assessments/situation-judgement-tests-sjt/
SHL Verify,https://www.shl.com/products/assessments/cognitive-assessments/
SHL 360,https://www.shl.com/products/360/
Assessments,https://www.shl.com/products/assessments/
Behavioral Assessments,https://www.shl.com/products/assessments/behavioral-assessments/
Cognitive Assessments,https://www.shl.com/products/assessments/cognitive-assessments/
Personality Assessments,https://www.shl.com/products/assessments/personality-assessment/
Video Interviews,https://www.shl.com/products/video-interviews/
Skills & Simulations,https://www.shl.com/products/assessments/skills-and-simulations/
Call Center Simulations,https://www.shl.com/products/assessments/skills-and-simulations/call-center-simulations/
Business Skills,https://www.shl.com/products/assessments/skills-and-simulations/business-skills/
Coding Simulations,https://www.shl.com/products/assessments/skills-and-simulations/coding-simulations/
Technical Skills,https://www.shl.com/products/assessments/skills-and-simulations/technical-skills/
Language Evaluation,https://www.shl.com/products/assessments/skills-and-simulations/language-evaluation/
View all SHL ProductsGet the ultimate view of potential with SHL’s unmatched portfolio of assessments and interview technology.,https://www.shl.com/products/
Outsourced Assessments (VADC),https://www.shl.com/products/assessments/assessment-and-development-centers/
View Product Catalog,https://www.shl.com/products/product-catalog/
Products,https://www.shl.com/products/
Reading Comprehension - Spanish v1,https://www.shl.com/products/product-catalog/view/reading-comprehension-spanish-v1/
Reading Comprehension v2,https://www.shl.com/products/product-catalog/view/reading-comprehension-v2/
RemoteWorkQ,https://www.shl.com/products/product-catalog/view/remoteworkq/
RemoteWorkQ Manager Report,https://www.shl.com/products/product-catalog/view/remoteworkq-manager-report/
RemoteWorkQ Participant Report,https://www.shl.com/products/product-catalog/view/remoteworkq-participant-report/
RESTful Web Services (New),https://www.shl.com/products/product-catalog/view/restful-web-services-new/
Retail Sales and Service Simulation,https://www.shl.com/products/product-catalog/view/retail-sales-and-service-simulation/
Reviewing Forms - US (R1),https://www.shl.com/products/product-catalog/view/reviewing-forms-us-r1/
Ruby (New),https://www.shl.com/products/product-catalog/view/ruby-new/
Ruby on Rails (New),https://www.shl.com/products/product-catalog/view/ruby-on-rails-new/
Sales & Service Phone Simulation,https://www.shl.com/products/product-catalog/view/sales-and-service-phone-simulation/
Sales & Service Phone Solution,https://www.shl.com/products/product-catalog/view/sales-and-service-phone-solution/
Previous,https://www.shl.com/products/product-catalog/?start=260&type=1&type=1
1,https://www.shl.com/products/product-catalog/?start=0&type=1&type=1
22,https://www.shl.com/products/product-catalog/?start=252&type=1&type=1
24,https://www.shl.com/products/product-catalog/?start=276&type=1&type=1
32,https://www.shl.com/products/product-catalog/?start=372&type=1&type=1
Next,https://www.shl.com/products/product-catalog/?start=284&type=1&type=1
Products,https://www.shl.com/products/
Product Catalog,https://www.shl.com/products/product-catalog/
Products,https://www.shl.com/products/
Products,https://www.shl.com/products/
Occupational Personality Questionnaire (OPQ),https://www.shl.com/products/assessments/personality-assessment/shl-occupational-personality-questionnaire-opq/
Job-Focused Assessments (JFA),https://www.shl.com/products/assessments/job-focused-assessments/
Motivational Questionnaire (MQ),https://www.shl.com/products/assessments/personality-assessment/shl-motivation-questionnaire-mq/
Situational Judgment Tests (SJT),https://www.shl.com/products/assessments/behavioral-assessments/situation-judgement-tests-sjt/
SHL Verify,https://www.shl.com/products/assessments/cognitive-assessments/
SHL 360,https://www.shl.com/products/360/
Assessments,https://www.shl.com/products/assessments/
Behavioral Assessments,https://www.shl.com/products/assessments/behavioral-assessments/
Cognitive Assessments,https://www.shl.com/products/assessments/cognitive-assessments/
Personality Assessments,https://www.shl.com/products/assessments/personality-assessment/
Video Interviews,https://www.shl.com/products/video-interviews/
Skills & Simulations,https://www.shl.com/products/assessments/skills-and-simulations/
Call Center Simulations,https://www.shl.com/products/assessments/skills-and-simulations/call-center-simulations/
Business Skills,https://www.shl.com/products/assessments/skills-and-simulations/business-skills/
Coding Simulations,https://www.shl.com/products/assessments/skills-and-simulations/coding-simulations/
Technical Skills,https://www.shl.com/products/assessments/skills-and-simulations/technical-skills/
Language Evaluation,https://www.shl.com/products/assessments/skills-and-simulations/language-evaluation/
View all SHL ProductsGet the ultimate view of potential with SHL’s unmatched portfolio of assessments and interview technology.,https://www.shl.com/products/
Outsourced Assessments (VADC),https://www.shl.com/products/assessments/assessment-and-development-centers/
View Product Catalog,https://www.shl.com/products/product-catalog/
Products,https://www.shl.com/products/
Sales Transformation Report 1.0 - Sales Manager,https://www.shl.com/products/product-catalog/view/sales-transformation-report-sales-manager/
Sales Transformation Report 2.0 - Sales Manager,https://www.shl.com/products/product-catalog/view/sales-transformation-report-2-0-sales-manager/
Salesforce Development (New),https://www.shl.com/products/product-catalog/view/salesforce-development-new/
SAP ABAP (Advanced Level) (New),https://www.shl.com/products/product-catalog/view/sap-abap-advanced-level-new/
SAP ABAP (Intermediate Level) (New),https://www.shl.com/products/product-catalog/view/sap-abap-intermediate-level-new/
SAP Basis (New),https://www.shl.com/products/product-catalog/view/sap-basis-new/
SAP Business Objects WebI (New),https://www.shl.com/products/product-catalog/view/sap-business-objects-webi-new/
SAP BW (Business Warehouse) (New),https://www.shl.com/products/product-catalog/view/sap-bw-business-warehouse-new/
SAP HCM (Human Capital Management) (New),https://www.shl.com/products/product-catalog/view/sap-hcm-human-capital-management-new/
SAP Hybris (New),https://www.shl.com/products/product-catalog/view/sap-hybris-new/
SAP Materials Management (New),https://www.shl.com/products/product-catalog/view/sap-materials-management-new/
SAP SD (Sales and Distribution) (New),https://www.shl.com/products/product-catalog/view/sap-sd-sales-and-distribution-new/
Previous,https://www.shl.com/products/product-catalog/?start=276&type=1&type=1
1,https://www.shl.com/products/product-catalog/?start=0&type=1&type=1
24,https://www.shl.com/products/product-catalog/?start=276&type=1&type=1
26,https://www.shl.com/products/product-catalog/?start=300&type=1&type=1
32,https://www.shl.com/products/product-catalog/?start=372&type=1&type=1
Next,https://www.shl.com/products/product-catalog/?start=300&type=1&type=1
Products,https://www.shl.com/products/
Product Catalog,https://www.shl.com/products/product-catalog/
Products,https://www.shl.com/products/
Products,https://www.shl.com/products/
Occupational Personality Questionnaire (OPQ),https://www.shl.com/products/assessments/personality-assessment/shl-occupational-personality-questionnaire-opq/
Job-Focused Assessments (JFA),https://www.shl.com/products/assessments/job-focused-assessments/
Motivational Questionnaire (MQ),https://www.shl.com/products/assessments/personality-assessment/shl-motivation-questionnaire-mq/
Situational Judgment Tests (SJT),https://www.shl.com/products/assessments/behavioral-assessments/situation-judgement-tests-sjt/
SHL Verify,https://www.shl.com/products/assessments/cognitive-assessments/
SHL 360,https://www.shl.com/products/360/
Assessments,https://www.shl.com/products/assessments/
Behavioral Assessments,https://www.shl.com/products/assessments/behavioral-assessments/
Cognitive Assessments,https://www.shl.com/products/assessments/cognitive-assessments/
Personality Assessments,https://www.shl.com/products/assessments/personality-assessment/
Video Interviews,https://www.shl.com/products/video-interviews/
Skills & Simulations,https://www.shl.com/products/assessments/skills-and-simulations/
Call Center Simulations,https://www.shl.com/products/assessments/skills-and-simulations/call-center-simulations/
Business Skills,https://www.shl.com/products/assessments/skills-and-simulations/business-skills/
Coding Simulations,https://www.shl.com/products/assessments/skills-and-simulations/coding-simulations/
Technical Skills,https://www.shl.com/products/assessments/skills-and-simulations/technical-skills/
Language Evaluation,https://www.shl.com/products/assessments/skills-and-simulations/language-evaluation/
View all SHL ProductsGet the ultimate view of potential with SHL’s unmatched portfolio of assessments and interview technology.,https://www.shl.com/products/
Outsourced Assessments (VADC),https://www.shl.com/products/assessments/assessment-and-development-centers/
View Product Catalog,https://www.shl.com/products/product-catalog/
Products,https://www.shl.com/products/
SHL Verify Interactive – Deductive Reasoning,https://www.shl.com/products/product-catalog/view/shl-verify-interactive-deductive-reasoning/
SHL Verify Interactive – Numerical Reasoning,https://www.shl.com/products/product-catalog/view/shl-verify-interactive-numerical-reasoning/
SHL Verify Interactive G+,https://www.shl.com/products/product-catalog/view/shl-verify-interactive-g/
SHL Verify Interactive Numerical Calculation,https://www.shl.com/products/product-catalog/view/shl-verify-interactive-numerical-calculation/
Siebel Development (New),https://www.shl.com/products/product-catalog/view/siebel-development-new/
Smart Interview Live,https://www.shl.com/products/product-catalog/view/smart-interview-live/
Smart Interview Live Coding,https://www.shl.com/products/product-catalog/view/smart-interview-live-coding/
Smart Interview On Demand,https://www.shl.com/products/product-catalog/view/smart-interview-on-demand/
Social Media (New),https://www.shl.com/products/product-catalog/view/social-media-new/
Software Business Analysis,https://www.shl.com/products/product-catalog/view/software-business-analysis/
SonarQube (New),https://www.shl.com/products/product-catalog/view/sonarqube-new/
Spelling (U.S.) (New),https://www.shl.com/products/product-catalog/view/spelling-u-s-new/
Previous,https://www.shl.com/products/product-catalog/?start=292&type=1&type=1
1,https://www.shl.com/products/product-catalog/?start=0&type=1&type=1
25,https://www.shl.com/products/product-catalog/?start=288&type=1&type=1
27,https://www.shl.com/products/product-catalog/?start=312&type=1&type=1
32,https://www.shl.com/products/product-catalog/?start=372&type=1&type=1
Next,https://www.shl.com/products/product-catalog/?start=316&type=1&type=1
Products,https://www.shl.com/products/
Product Catalog,https://www.shl.com/products/product-catalog/
Products,https://www.shl.com/products/
Products,https://www.shl.com/products/
Occupational Personality Questionnaire (OPQ),https://www.shl.com/products/assessments/personality-assessment/shl-occupational-personality-questionnaire-opq/
Job-Focused Assessments (JFA),https://www.shl.com/products/assessments/job-focused-assessments/
Motivational Questionnaire (MQ),https://www.shl.com/products/assessments/personality-assessment/shl-motivation-questionnaire-mq/
Situational Judgment Tests (SJT),https://www.shl.com/products/assessments/behavioral-assessments/situation-judgement-tests-sjt/
SHL Verify,https://www.shl.com/products/assessments/cognitive-assessments/
SHL 360,https://www.shl.com/products/360/
Assessments,https://www.shl.com/products/assessments/
Behavioral Assessments,https://www.shl.com/products/assessments/behavioral-assessments/
Cognitive Assessments,https://www.shl.com/products/assessments/cognitive-assessments/
Personality Assessments,https://www.shl.com/products/assessments/personality-assessment/
Video Interviews,https://www.shl.com/products/video-interviews/
Skills & Simulations,https://www.shl.com/products/assessments/skills-and-simulations/
Call Center Simulations,https://www.shl.com/products/assessments/skills-and-simulations/call-center-simulations/
Business Skills,https://www.shl.com/products/assessments/skills-and-simulations/business-skills/
Coding Simulations,https://www.shl.com/products/assessments/skills-and-simulations/coding-simulations/
Technical Skills,https://www.shl.com/products/assessments/skills-and-simulations/technical-skills/
Language Evaluation,https://www.shl.com/products/assessments/skills-and-simulations/language-evaluation/
View all SHL ProductsGet the ultimate view of potential with SHL’s unmatched portfolio of assessments and interview technology.,https://www.shl.com/products/
Outsourced Assessments (VADC),https://www.shl.com/products/assessments/assessment-and-development-centers/
View Product Catalog,https://www.shl.com/products/product-catalog/
Products,https://www.shl.com/products/
SQL Server Analysis Services (SSAS) (New),https://www.shl.com/products/product-catalog/view/sql-server-analysis-services-%28ssas%29-%28new%29/
SQL Server Integration Services (SSIS) (New),https://www.shl.com/products/product-catalog/view/sql-server-integration-services-ssis-new/
SQL Server Reporting Services (SSRS) (New),https://www.shl.com/products/product-catalog/view/sql-server-reporting-services-ssrs-new/
Statistical Analysis System (New),https://www.shl.com/products/product-catalog/view/statistical-analysis-system-new/
Struts (New),https://www.shl.com/products/product-catalog/view/struts-new/
SVAR - Spoken English (AUS),https://www.shl.com/products/product-catalog/view/svar-spoken-english-aus/
SVAR - Spoken English (Indian Accent)  (New),https://www.shl.com/products/product-catalog/view/svar-spoken-english-indian-accent-new/
SVAR - Spoken English (U.K.),https://www.shl.com/products/product-catalog/view/svar-spoken-english-u-k/
SVAR - Spoken English (US)  (New),https://www.shl.com/products/product-catalog/view/svar-spoken-english-us-new/
SVAR - Spoken French (Canadian) (New),https://www.shl.com/products/product-catalog/view/svar-spoken-french-canadian-new/
SVAR - Spoken French (European) (New),https://www.shl.com/products/product-catalog/view/svar-spoken-french-european-new/
SVAR - Spoken Spanish (Castilian) (New),https://www.shl.com/products/product-catalog/view/svar-spoken-spanish-castilian-new/
Previous,https://www.shl.com/products/product-catalog/?start=308&type=1&type=1
1,https://www.shl.com/products/product-catalog/?start=0&type=1&type=1
26,https://www.shl.com/products/product-catalog/?start=300&type=1&type=1
28,https://www.shl.com/products/product-catalog/?start=324&type=1&type=1
32,https://www.shl.com/products/product-catalog/?start=372&type=1&type=1
Next,https://www.shl.com/products/product-catalog/?start=332&type=1&type=1
Products,https://www.shl.com/products/
Product Catalog,https://www.shl.com/products/product-catalog/
Products,https://www.shl.com/products/
Products,https://www.shl.com/products/
Occupational Personality Questionnaire (OPQ),https://www.shl.com/products/assessments/personality-assessment/shl-occupational-personality-questionnaire-opq/
Job-Focused Assessments (JFA),https://www.shl.com/products/assessments/job-focused-assessments/
Motivational Questionnaire (MQ),https://www.shl.com/products/assessments/personality-assessment/shl-motivation-questionnaire-mq/
Situational Judgment Tests (SJT),https://www.shl.com/products/assessments/behavioral-assessments/situation-judgement-tests-sjt/
SHL Verify,https://www.shl.com/products/assessments/cognitive-assessments/
SHL 360,https://www.shl.com/products/360/
Assessments,https://www.shl.com/products/assessments/
Behavioral Assessments,https://www.shl.com/products/assessments/behavioral-assessments/
Cognitive Assessments,https://www.shl.com/products/assessments/cognitive-assessments/
Personality Assessments,https://www.shl.com/products/assessments/personality-assessment/
Video Interviews,https://www.shl.com/products/video-interviews/
Skills & Simulations,https://www.shl.com/products/assessments/skills-and-simulations/
Call Center Simulations,https://www.shl.com/products/assessments/skills-and-simulations/call-center-simulations/
Business Skills,https://www.shl.com/products/assessments/skills-and-simulations/business-skills/
Coding Simulations,https://www.shl.com/products/assessments/skills-and-simulations/coding-simulations/
Technical Skills,https://www.shl.com/products/assessments/skills-and-simulations/technical-skills/
Language Evaluation,https://www.shl.com/products/assessments/skills-and-simulations/language-evaluation/
View all SHL ProductsGet the ultimate view of potential with SHL’s unmatched portfolio of assessments and interview technology.,https://www.shl.com/products/
Outsourced Assessments (VADC),https://www.shl.com/products/assessments/assessment-and-development-centers/
View Product Catalog,https://www.shl.com/products/product-catalog/
Products,https://www.shl.com/products/
Teradata Development (New),https://www.shl.com/products/product-catalog/view/teradata-development-new/
Time Management (U.S.),https://www.shl.com/products/product-catalog/view/time-management-u-s/
Training Development,https://www.shl.com/products/product-catalog/view/training-development/
Typing (New),https://www.shl.com/products/product-catalog/view/typing-new/
UiPath RPA Development (New),https://www.shl.com/products/product-catalog/view/uipath-rpa-development-new/
Universal Competency Framework Interview Guide,https://www.shl.com/products/product-catalog/view/universal-competency-framework-interview-guide/
Universal Competency Framework Job profiling guide,https://www.shl.com/products/product-catalog/view/universal-competency-framework-job-profiling-guide/
Universal Competency Framework Profiler Cards (44),https://www.shl.com/products/product-catalog/view/universal-competency-framework-profiler-cards-44/
UNIX (New),https://www.shl.com/products/product-catalog/view/unix-new/
VB.NET (New),https://www.shl.com/products/product-catalog/view/vb-net-new/
Verify - Deductive Reasoning,https://www.shl.com/products/product-catalog/view/verify-deductive-reasoning/
Verify - Following Instructions,https://www.shl.com/products/product-catalog/view/verify-following-instructions/
Previous,https://www.shl.com/products/product-catalog/?start=324&type=1&type=1
1,https://www.shl.com/products/product-catalog/?start=0&type=1&type=1
28,https://www.shl.com/products/product-catalog/?start=324&type=1&type=1
30,https://www.shl.com/products/product-catalog/?start=348&type=1&type=1
32,https://www.shl.com/products/product-catalog/?start=372&type=1&type=1
Next,https://www.shl.com/products/product-catalog/?start=348&type=1&type=1
Products,https://www.shl.com/products/
Product Catalog,https://www.shl.com/products/product-catalog/
Products,https://www.shl.com/products/
Products,https://www.shl.com/products/
Occupational Personality Questionnaire (OPQ),https://www.shl.com/products/assessments/personality-assessment/shl-occupational-personality-questionnaire-opq/
Job-Focused Assessments (JFA),https://www.shl.com/products/assessments/job-focused-assessments/
Motivational Questionnaire (MQ),https://www.shl.com/products/assessments/personality-assessment/shl-motivation-questionnaire-mq/
Situational Judgment Tests (SJT),https://www.shl.com/products/assessments/behavioral-assessments/situation-judgement-tests-sjt/
SHL Verify,https://www.shl.com/products/assessments/cognitive-assessments/
SHL 360,https://www.shl.com/products/360/
Assessments,https://www.shl.com/products/assessments/
Behavioral Assessments,https://www.shl.com/products/assessments/behavioral-assessments/
Cognitive Assessments,https://www.shl.com/products/assessments/cognitive-assessments/
Personality Assessments,https://www.shl.com/products/assessments/personality-assessment/
Video Interviews,https://www.shl.com/products/video-interviews/
Skills & Simulations,https://www.shl.com/products/assessments/skills-and-simulations/
Call Center Simulations,https://www.shl.com/products/assessments/skills-and-simulations/call-center-simulations/
Business Skills,https://www.shl.com/products/assessments/skills-and-simulations/business-skills/
Coding Simulations,https://www.shl.com/products/assessments/skills-and-simulations/coding-simulations/
Technical Skills,https://www.shl.com/products/assessments/skills-and-simulations/technical-skills/
Language Evaluation,https://www.shl.com/products/assessments/skills-and-simulations/language-evaluation/
View all SHL ProductsGet the ultimate view of potential with SHL’s unmatched portfolio of assessments and interview technology.,https://www.shl.com/products/
Outsourced Assessments (VADC),https://www.shl.com/products/assessments/assessment-and-development-centers/
View Product Catalog,https://www.shl.com/products/product-catalog/
Products,https://www.shl.com/products/
Verify - Technical Checking - Next Generation,https://www.shl.com/products/product-catalog/view/verify-technical-checking-next-generation/
Verify - Verbal Ability - Next Generation,https://www.shl.com/products/product-catalog/view/verify-verbal-ability-next-generation/
Verify - Working with Information,https://www.shl.com/products/product-catalog/view/verify-working-with-information/
Verify G+ - Ability Test Report,https://www.shl.com/products/product-catalog/view/verify-g-ability-test-report/
Verify G+ - Candidate Report,https://www.shl.com/products/product-catalog/view/verify-g-candidate-report/
Verify Interactive Ability Report,https://www.shl.com/products/product-catalog/view/verify-interactive-ability-report/
Verify Interactive G+ Candidate Report,https://www.shl.com/products/product-catalog/view/verify-interactive-g-candidate-report/
Verify Interactive G+ Report,https://www.shl.com/products/product-catalog/view/verify-interactive-g-report/
Verify Interactive Process Monitoring,https://www.shl.com/products/product-catalog/view/verify-interactive-process-monitoring/
Virtual Assessment and Development Centers,https://www.shl.com/products/product-catalog/view/virtual-assessment-and-development-centers/
Visual Basic for Applications (New),https://www.shl.com/products/product-catalog/view/visual-basic-for-applications-new/
Visual Comparison - UK,https://www.shl.com/products/product-catalog/view/visual-comparison-uk/
Previous,https://www.shl.com/products/product-catalog/?start=340&type=1&type=1
1,https://www.shl.com/products/product-catalog/?start=0&type=1&type=1
29,https://www.shl.com/products/product-catalog/?start=336&type=1&type=1
31,https://www.shl.com/products/product-catalog/?start=360&type=1&type=1
32,https://www.shl.com/products/product-catalog/?start=372&type=1&type=1
Next,https://www.shl.com/products/product-catalog/?start=364&type=1&type=1
Products,https://www.shl.com/products/
Product Catalog,https://www.shl.com/products/product-catalog/
Products,https://www.shl.com/products/
Products,https://www.shl.com/products/
Occupational Personality Questionnaire (OPQ),https://www.shl.com/products/assessments/personality-assessment/shl-occupational-personality-questionnaire-opq/
Job-Focused Assessments (JFA),https://www.shl.com/products/assessments/job-focused-assessments/
Motivational Questionnaire (MQ),https://www.shl.com/products/assessments/personality-assessment/shl-motivation-questionnaire-mq/
Situational Judgment Tests (SJT),https://www.shl.com/products/assessments/behavioral-assessments/situation-judgement-tests-sjt/
SHL Verify,https://www.shl.com/products/assessments/cognitive-assessments/
SHL 360,https://www.shl.com/products/360/
Assessments,https://www.shl.com/products/assessments/
Behavioral Assessments,https://www.shl.com/products/assessments/behavioral-assessments/
Cognitive Assessments,https://www.shl.com/products/assessments/cognitive-assessments/
Personality Assessments,https://www.shl.com/products/assessments/personality-assessment/
Video Interviews,https://www.shl.com/products/video-interviews/
Skills & Simulations,https://www.shl.com/products/assessments/skills-and-simulations/
Call Center Simulations,https://www.shl.com/products/assessments/skills-and-simulations/call-center-simulations/
Business Skills,https://www.shl.com/products/assessments/skills-and-simulations/business-skills/
Coding Simulations,https://www.shl.com/products/assessments/skills-and-simulations/coding-simulations/
Technical Skills,https://www.shl.com/products/assessments/skills-and-simulations/technical-skills/
Language Evaluation,https://www.shl.com/products/assessments/skills-and-simulations/language-evaluation/
View all SHL ProductsGet the ultimate view of potential with SHL’s unmatched portfolio of assessments and interview technology.,https://www.shl.com/products/
Outsourced Assessments (VADC),https://www.shl.com/products/assessments/assessment-and-development-centers/
View Product Catalog,https://www.shl.com/products/product-catalog/
Products,https://www.shl.com/products/
Workplace Health and Safety (New),https://www.shl.com/products/product-catalog/view/workplace-health-and-safety-new/
WriteX - Email Writing (Customer Service) (New),https://www.shl.com/products/product-catalog/view/writex-email-writing-customer-service-new/
WriteX - Email Writing (Managerial) (New),https://www.shl.com/products/product-catalog/view/writex-email-writing-managerial-new/
WriteX - Email Writing (Sales) (New),https://www.shl.com/products/product-catalog/view/writex-email-writing-sales-new/
Written English v1,https://www.shl.com/products/product-catalog/view/written-english-v1/
Written Spanish,https://www.shl.com/products/product-catalog/view/written-spanish/
Zabbix (New),https://www.shl.com/products/product-catalog/view/zabbix-new/
360 Digital Report,https://www.shl.com/products/product-catalog/view/360-digital-report/
360° Multi-Rater Feedback System (MFS),https://www.shl.com/products/product-catalog/view/360-multi-rater-feedback-system-mfs/
Previous,https://www.shl.com/products/product-catalog/?start=356&type=1&type=1
1,https://www.shl.com/products/product-catalog/?start=0&type=1&type=1
30,https://www.shl.com/products/product-catalog/?start=348&type=1&type=1
32,https://www.shl.com/products/product-catalog/?start=372&type=1&type=1
Next,https://www.shl.com/products/product-catalog/?start=380&type=1&type=1
Products,https://www.shl.com/products/
Product Catalog,https://www.shl.com/products/product-catalog/
Products,https://www.shl.com/products/
Products,https://www.shl.com/products/
Occupational Personality Questionnaire (OPQ),https://www.shl.com/products/assessments/personality-assessment/shl-occupational-personality-questionnaire-opq/
Job-Focused Assessments (JFA),https://www.shl.com/products/assessments/job-focused-assessments/
Motivational Questionnaire (MQ),https://www.shl.com/products/assessments/personality-assessment/shl-motivation-questionnaire-mq/
Situational Judgment Tests (SJT),https://www.shl.com/products/assessments/behavioral-assessments/situation-judgement-tests-sjt/
SHL Verify,https://www.shl.com/products/assessments/cognitive-assessments/
SHL 360,https://www.shl.com/products/360/
Assessments,https://www.shl.com/products/assessments/
Behavioral Assessments,https://www.shl.com/products/assessments/behavioral-assessments/
Cognitive Assessments,https://www.shl.com/products/assessments/cognitive-assessments/
Personality Assessments,https://www.shl.com/products/assessments/personality-assessment/
Video Interviews,https://www.shl.com/products/video-interviews/
Skills & Simulations,https://www.shl.com/products/assessments/skills-and-simulations/
Call Center Simulations,https://www.shl.com/products/assessments/skills-and-simulations/call-center-simulations/
Business Skills,https://www.shl.com/products/assessments/skills-and-simulations/business-skills/
Coding Simulations,https://www.shl.com/products/assessments/skills-and-simulations/coding-simulations/
Technical Skills,https://www.shl.com/products/assessments/skills-and-simulations/technical-skills/
Language Evaluation,https://www.shl.com/products/assessments/skills-and-simulations/language-evaluation/
View all SHL ProductsGet the ultimate view of potential with SHL’s unmatched portfolio of assessments and interview technology.,https://www.shl.com/products/
Outsourced Assessments (VADC),https://www.shl.com/products/assessments/assessment-and-development-centers/
View Product Catalog,https://www.shl.com/products/product-catalog/
Products,https://www.shl.com/products/
Previous,https://www.shl.com/products/product-catalog/?start=372&type=1&type=1
1,https://www.shl.com/products/product-catalog/?start=0&type=1&type=1
32,https://www.shl.com/products/product-catalog/?start=372&type=1&type=1
Products,https://www.shl.com/products/
Product Catalog,https://www.shl.com/products/product-catalog/
